Timeline,ID,Title,Author,Amazon Link
Legends,dawn-of-the-jedi-into-the-void,Dawn of the Jedi: Into the Void,Tim Lebbon,https://amzn.to/4fvdX6i
Legends,lost-tribe-of-the-sith-the-collected-stories,Lost Tribe of the Sith: The Collected Stories,John Jackson Miller,https://amzn.to/49wY5ws
Legends,the-old-republic-revan,The Old Republic: Revan,Drew Karpyshyn,https://amzn.to/4nyvInw
Legends,the-old-republic-deceived,The Old Republic: Deceived,Paul S. Kemp,https://amzn.to/3PLAxx8
Legends,red-harvest,Red Harvest,Joe Schreiber,https://amzn.to/3RbkY2i
Legends,the-old-republic-fatal-alliance,The Old Republic: Fatal Alliance,Sean Williams,https://amzn.to/49LdQQn
Legends,the-old-republic-annihilation,The Old Republic: Annihilation,Drew Karpyshyn,https://amzn.to/4eQ2KNw
Legends,knight-errant,Knight Errant,John Jackson Miller,https://amzn.to/4wsf7FP
Legends,darth-bane-path-of-destruction,Darth Bane: Path of Destruction,Drew Karpyshyn,https://amzn.to/3PHsSA0
Legends,darth-bane-rule-of-two,Darth Bane: Rule of Two,Drew Karpyshyn,https://amzn.to/3RcMEDU
Legends,darth-bane-dynasty-of-evil,Darth Bane: Dynasty of Evil,Drew Karpyshyn,https://amzn.to/3RtYhq5
Legends,crucible,Crucible,Troy Denning,https://amzn.to/4eKCV1n
Legends,allies,Allies,Christie Golden,https://amzn.to/3Rs8Uts
Legends,vortex,Vortex,Troy Denning,https://amzn.to/493D4JJ
Legends,conviction,Conviction,Aaron Allston,https://amzn.to/4wxvHEd
Legends,ascension,Ascension,Christie Golden,https://amzn.to/4ny3nNV
Legends,apocalypse,Apocalypse,Troy Denning,https://amzn.to/4dg7UkU
Legends,x-wing-mercy-kill,X-Wing: Mercy Kill,Aaron Allston,https://amzn.to/3Rue8F7
Legends,millennium-falcon,Millennium Falcon,James Luceno,https://amzn.to/4nu9jYh
Legends,outcast,Outcast,Aaron Allston,https://amzn.to/42EedbF
Legends,omen,Omen,Christie Golden,https://amzn.to/4nsIDXS
Legends,abyss,Abyss,Troy Denning,https://amzn.to/4dMCIcZ
Legends,backlash,Backlash,Aaron Allston,https://amzn.to/4uUY263
Legends,invincible,Invincible,Troy Denning,https://amzn.to/3PKpIvl
Legends,crosscurrent,Crosscurrent,Paul S. Kemp,https://amzn.to/4wFgCAP
Legends,riptide,Riptide,Paul S. Kemp,https://amzn.to/495PC39
Legends,revelation,Revelation,Karen Traviss,https://amzn.to/4uf9cT9
Legends,betrayal,Betrayal,Aaron Allston,https://amzn.to/3RInRaU
Legends,bloodlines,Bloodlines,Karen Traviss,https://amzn.to/4uMoZbS
Legends,tempest,Tempest,Troy Denning,https://amzn.to/4uODQ5z
Legends,exile,Exile,Aaron Allston,https://amzn.to/49Q9abY
Legends,sacrifice,Sacrifice,Karen Traviss,https://amzn.to/4wx4hOZ
Legends,inferno,Inferno,Troy Denning,https://amzn.to/3P3v04Y
Legends,fury,Fury,Aaron Allston,https://amzn.to/42Eeawv
Legends,the-unseen-queen,The Unseen Queen,Troy Denning,https://amzn.to/4uUXCfZ
Legends,the-swarm-war,The Swarm War,Troy Denning,https://amzn.to/4dQKQs3
Legends,the-joiner-king,The Joiner King,Troy Denning,https://amzn.to/4dpHcoC
Legends,cloak-of-deception,Cloak of Deception,James Luceno,https://amzn.to/42XaEO9
Legends,maul-lockdown,Maul: Lockdown,Joe Schreiber,https://amzn.to/4f8YVDt
Legends,darth-maul-shadow-hunter,Darth Maul: Shadow Hunter,Michael Reaves,https://amzn.to/4ddbzjg
Legends,episode-i-the-phantom-menace,Star Wars: The Phantom Menace,Terry Brooks,https://amzn.to/4f8Zw8b
Legends,darth-plagueis,Darth Plagueis,James Luceno,https://amzn.to/3RJGona
Legends,rogue-planet,Rogue Planet,Greg Bear,https://amzn.to/4uX3Qfj
Legends,the-unifying-force,The Unifying Force,James Luceno,https://amzn.to/4dMCcM5
Legends,destiny-s-way,Destiny's Way,Walter Jon Williams,https://amzn.to/4uJ6gOg
Legends,force-heretic-i-remnant,Force Heretic I: Remnant,Sean Williams and Shane Dix,https://amzn.to/3PLQT90
Legends,force-heretic-ii-refugee,Force Heretic II: Refugee,Sean Williams and Shane Dix,https://amzn.to/4nxXkZX
Legends,force-heretic-iii-reunion,Force Heretic III: Reunion,Sean Williams and Shane Dix,https://amzn.to/4uf8QMj
Legends,the-final-prophecy,The Final Prophecy,Greg Keyes,https://amzn.to/4fmJveD
Legends,outbound-flight,Outbound Flight,Timothy Zahn,https://amzn.to/4wy6Ksk
Legends,dark-journey,Dark Journey,Elaine Cunningham,https://amzn.to/4tIG7hV
Legends,enemy-lines-i-rebel-dream,Enemy Lines I: Rebel Dream,Aaron Allston,https://amzn.to/49T6LNM
Legends,enemy-lines-ii-rebel-stand,Enemy Lines II: Rebel Stand,Aaron Allston,https://amzn.to/49ztAGa
Legends,traitor,Traitor,Matthew Stover,https://amzn.to/3RbAOdg
Legends,balance-point,Balance Point,Kathy Tyers,https://amzn.to/4fp0E7u
Legends,edge-of-victory-i-conquest,Edge of Victory I: Conquest,Greg Keyes,https://amzn.to/4wCY0kY
Legends,edge-of-victory-ii-rebirth,Edge of Victory II: Rebirth,Greg Keyes,https://amzn.to/4wQ6t4r
Legends,vector-prime,Vector Prime,R. A. Salvatore,https://amzn.to/4fppWCu
Legends,dark-tide-i-onslaught,Dark Tide I: Onslaught,Michael Stackpole,https://amzn.to/4tCpZyc
Legends,dark-tide-ii-ruin,Dark Tide II: Ruin,Michael Stackpole,https://amzn.to/3PKoIHB
Legends,agents-of-chaos-i-hero-s-trial,Agents of Chaos I: Hero's Trial,James Luceno,https://amzn.to/49xdmxi
Legends,agents-of-chaos-ii-jedi-eclipse,Agents of Chaos II: Jedi Eclipse,James Luceno,https://amzn.to/4dnGZCh
Legends,the-approaching-storm,The Approaching Storm,Alan Dean Foster,https://amzn.to/4uxM6rb
Legends,episode-ii-attack-of-the-clones,Star Wars: Attack of the Clones,R.A. Salvatore,https://amzn.to/4uguBvl
Legends,skyewalkers,Skyewalkers,Abel G. Pena,https://web.archive.org/web/20150317094129/http://www.abelgpena.com/SkyeWalkersCWstory.pdf
Legends,the-cestus-deception,The Cestus Deception,Steven Barnes,https://amzn.to/3RIge4g
Legends,jedi-trial,Jedi Trial,David Sherman & Dan Cragg,https://amzn.to/4wz7rBA
Legends,star-wars-the-clone-wars-movie-novelization,Star Wars: The Clone Wars,Karen Traviss,https://amzn.to/4dnctZm
Legends,the-clone-wars-wild-space,The Clone Wars: Wild Space,Karen Miller,https://amzn.to/4wNkD6i
Legends,republic-commando-hard-contact,Republic Commando: Hard Contact,Karen Traviss,https://amzn.to/49CddZr
Legends,shatterpoint,Shatterpoint,Matthew Stover,https://amzn.to/4tF5YHp
Legends,the-clone-wars-no-prisoners,The Clone Wars: No Prisoners,Karen Traviss,https://amzn.to/3PJVCrN
Legends,survivor-s-quest,Survivor's Quest,Timothy Zahn,https://amzn.to/4fqHiih
Legends,republic-commando-triple-zero,Republic Commando: Triple Zero,Karen Traviss,https://amzn.to/4ddf5ds
Legends,medstar-i-battle-surgeons,Medstar I: Battle Surgeons,Michael Reaves & Steve Perry,https://amzn.to/4ddh4yr
Legends,medstar-ii-jedi-healer,Medstar II: Jedi Healer,Michael Reaves & Steve Perry,https://amzn.to/4nuqUiO
Legends,yoda-dark-rendezvous,Yoda: Dark Rendezvous,Sean Stewart,https://amzn.to/4dtBJxe
Legends,labyrinth-of-evil,Labyrinth of Evil,James Luceno,https://amzn.to/4tFMKBx
Legends,episode-iii-revenge-of-the-sith,Star Wars: Revenge of the Sith,Matthew Stover,https://amzn.to/4tCS88r
Legends,republic-commander-order-66,Republic Commando: Order 66,Karen Traviss,https://amzn.to/4dtp2Cm
Legends,dark-lord-the-rise-of-darth-vader,Dark Lord: The Rise of Darth Vader,James Luceno,https://amzn.to/3ReSR27
Legends,imperial-commando-501st,Imperial Commando: 501st,Karen Traviss,https://amzn.to/4dr7h6B
Legends,kenobi,Kenobi,John Jackson Miller,https://amzn.to/4ueOUZN
Legends,coruscant-nights-i-jedi-twilight,Coruscant Nights I: Jedi Twilight,Michael Reaves,https://amzn.to/4nugFei
Legends,scourge,Scourge,Jeff Grubb,https://amzn.to/4udTfwi
Legends,coruscant-nights-ii-street-of-shadows,Coruscant Nights II: Street of Shadows,Michael Reaves,https://amzn.to/3R3jFCB
Legends,coruscant-nights-iii-patterns-of-force,Coruscant Nights III: Patterns of Force,Michael Reaves,https://amzn.to/43de0wi
Legends,the-last-jedi,The Last Jedi,Michael Reaves and Maya Kaathryn Bohnhoff,https://amzn.to/42DW79K
Legends,the-new-rebellion,The New Rebellion,Kristine Kathryn Rusch,https://amzn.to/3PsJNpU
Legends,the-crystal-star,The Crystal Star,Vonda McIntyre,https://amzn.to/4dtEDlC
Legends,x-wing-starfighters-of-adumar,X-Wing: Starfighters of Adumar,Aaron Allston,https://amzn.to/3RcZQJ1
Legends,darksaber,Darksaber,Kevin J. Anderson,https://amzn.to/4dLj5lv
Legends,children-of-the-jedi,Children of the Jedi,Barbara Hambly,https://amzn.to/3P6Rnqd
Legends,i-jedi,"I, Jedi",Michael Stackpole,https://amzn.to/495qhGJ
Legends,tatooine-ghost,Tatooine Ghost,Troy Denning,https://amzn.to/4fvsXB8
Legends,x-wing-iron-fist,X-Wing: Iron Fist,Aaron Allston,https://amzn.to/4dq8IST
Legends,luke-skywalker-and-the-shadows-of-mindor,Luke Skywalker and the Shadows of Mindor,Matthew Stover,https://amzn.to/4dorObZ
Legends,tales-from-jabba-s-palace,Tales from Jabba's Palace,various authors,https://amzn.to/4degCjp
Legends,star-wars-return-of-the-jedi,Star Wars: Return of the Jedi,James Kahn,https://amzn.to/4uPGW9B
Legends,the-truce-at-bakura,The Truce at Bakura,Kathy Tyers,https://amzn.to/4uJ3ngo
Legends,the-force-unleashed,The Force Unleashed,Sean Williams,https://amzn.to/4dNgA28
Legends,death-star,Death Star,Michael Reaves & Steve Perry,https://amzn.to/4dtCBSw
Legends,tales-of-the-bounty-hunters,Tales of the Bounty Hunters,various authors,https://amzn.to/4ddgtNc
Legends,han-solo-s-revenge,Han Solo's Revenge,Brian Daley,https://amzn.to/4wyTXpG
Legends,han-solo-and-the-lost-legacy,Han Solo and the Lost Legacy,Brian Daley,https://amzn.to/4wyTXpG
Legends,galaxies-the-ruins-of-dantooine,Galaxies: The Ruins of Dantooine,Voronica Whitney-Robinson w/ Haden Blackman,https://amzn.to/4ntWEVi
Legends,the-force-unleashed-ii,The Force Unleashed II,Sean Williams,https://amzn.to/4tzDGy9
Legends,death-troopers,Death Troopers,Joe Schreiber,https://amzn.to/4tFNruD
Legends,honor-among-thieves,Honor Among Thieves,James S.A. Correy,https://amzn.to/3RHHEXY
Legends,choices-of-one,Choices of One,Timothy Zahn,https://amzn.to/4uipZES
Legends,allegiance,Allegiance,Timothy Zahn,https://amzn.to/4uf65KX
Legends,shadow-games,Shadow Games,Michael Reaves and Maya Kaathryn Bohnhoff,https://amzn.to/4uT6PFv
Legends,star-wars-a-new-hope,Star Wars: A New Hope,George Lucas,https://amzn.to/4d8e06I
Legends,scoundrels,Scoundrels,Timothy Zahn,https://amzn.to/42CiCvW
Legends,tales-from-the-new-republic,Tales From the New Republic,various authors,https://amzn.to/4dorFVZ
Legends,clone-wars-gambit-stealth,Clone Wars Gambit: Stealth,Karen Miller,https://amzn.to/4wtL6FP
Legends,clone-wars-gambit-siege,Clone Wars Gambit: Siege,Karen Miller,https://amzn.to/4974kqB
Legends,republic-commando-true-colors,Republic Commando: True Colors,Karen Traviss,https://amzn.to/4dMqWPN
Legends,the-paradise-snare,The Paradise Snare,A. C. Crispin,https://amzn.to/4tCkQ9k
Legends,the-hutt-gambit,The Hutt Gambit,A. C. Crispin,https://amzn.to/49EyYb5
Legends,lando-calrissian-and-the-mindharp-of-sharu,Lando Calrissian and the Mindharp of Sharu,L. Neil Smith,https://amzn.to/4wyTPXe
Legends,lando-calrissian-and-the-flamewind-of-oseon,Lando Calrissian and the Flamewind of Oseon,L. Neil Smith,https://amzn.to/4wyTPXe
Legends,lando-calrissian-and-the-starcave-of-thonboka,Lando Calrissian and the Starcave of ThonBoka,L. Neil Smith,https://amzn.to/4wyTPXe
Legends,han-solo-s-at-stars-end,Han Solo at Stars’ End,Brian Daley,https://amzn.to/4wyTXpG
Legends,rebel-dawn,Rebel Dawn,A. C. Crispin,https://amzn.to/3PtknZh
Legends,dark-forces-soldier-for-the-empire,Dark Forces: Soldier for the Empire,William C. Dietz,https://amzn.to/4uT6ylX
Legends,tales-from-the-mos-eisley-cantina,Tales from the Mos Eisley Cantina,Various Authors,https://amzn.to/4fn5CBE
Legends,splinter-of-the-mind-s-eye,Splinter of the Mind’s Eye,Alan Dean Foster,https://amzn.to/4fpRQyd
Legends,razor-s-edge,Razor's Edge,Martha Wells,https://amzn.to/49CgU1f
Legends,star-wars-the-empire-strikes-back,Star Wars: The Empire Strikes Back,Donald F. Glut,https://amzn.to/42VcizP
Legends,shadows-of-the-empire,Shadows of the Empire,Steve Perry,https://amzn.to/4tyR9pL
Legends,the-mandalorian-armor,The Mandalorian Armor,K.W. Jeter,https://amzn.to/3PjXzLx
Legends,slave-ship,Slave Ship,K.W. Jeter,https://amzn.to/4fqFplH
Legends,hard-merchandise,Hard Merchandise,K.W. Jeter,https://amzn.to/49zEYSo
Legends,tales-from-the-empire,Tales from the Empire,Various Authors,https://amzn.to/4nxV4BX
Legends,dark-forces-rebel-agent,Dark Forces: Rebel Agent,William C. Dietz,https://amzn.to/3PKmGar
Legends,dark-forces-jedi-knight,Dark Forces: Jedi Knight,William C. Dietz,https://amzn.to/4wwZqgv
Legends,x-wing-rogue-squadron,X-Wing: Rogue Squadron,Michael Stackpole,https://amzn.to/3Plmhv2
Legends,x-wing-wedge-s-gamble,X-Wing: Wedge’s Gamble,Michael Stackpole,https://amzn.to/496aaIS
Legends,x-wing-the-krytos-trap,X-Wing: The Kryptos Trap,Michael Stackpole,https://amzn.to/4deh4hB
Legends,x-wing-the-bacta-war,X-Wing: The Bacta War,Michael Stackpole,https://amzn.to/4dq8GKL
Legends,x-wing-wraith-squadron,X-Wing: Wraith Squadron,Aaron Allston,https://amzn.to/3Rq0iDG
Legends,x-wing-solo-command,X-Wing: Solo Command,Aaron Allston,https://amzn.to/3P5Lae7
Legends,the-courtship-of-princess-leia,The Courtship of Princess Leia,Dave Wolverton,https://amzn.to/3RJKNGL
Legends,heir-to-the-empire,Heir to the Empire,Timothy Zahn,https://amzn.to/4wz3KMg
Legends,dark-force-rising,Dark Force Rising,Timothy Zahn,https://amzn.to/4uluO0i
Legends,the-last-command,The Last Command,Timothy Zahn,https://amzn.to/4uedlGR
Legends,x-wing-isard-s-revenge,X-Wing: Isard’s Revenge,Michael Stackpole,https://amzn.to/43bkqMt
Legends,jedi-search,Jedi Search,Kevin J. Anderson,https://amzn.to/490oF0W
Legends,dark-apprentice,Dark Apprentice,Kevin J. Anderson,https://amzn.to/4drN5Sh
Legends,champion-s-of-the-force,Champions of the Force,Kevin J. Anderson,https://amzn.to/43hzKah
Legends,planet-of-twilight,Planet of Twilight,Barbara Hambly,https://amzn.to/492llSR
Legends,before-the-storm,Before the Storm,Michael P. Kube-McDowell,https://amzn.to/4wzHAJX
Legends,shield-of-lies,Shield of Lies,Michael P. Kube-McDowell,https://amzn.to/4upEEhx
Legends,tyrant-s-test,Tyrant's Test,Michael P. Kube-McDowell,https://amzn.to/3R3MBKG
Legends,ambush-at-corellia,Ambush at Corellia,Roger McBride Allen,https://amzn.to/3PsJPhw
Legends,assault-at-selonia,Assault at Selonia,Roger McBride Allen,https://amzn.to/4wxubSx
Legends,showdown-at-centerpoint,Showdown at Centerpoint,Roger McBride Allen,https://amzn.to/4tBHhvi
Legends,specter-of-the-past,Specter of the Past,Timothy Zahn,https://amzn.to/42DifBe
Legends,vision-of-the-future,Vision of the Future,Timothy Zahn,https://amzn.to/3RJM0xN
Legends,star-by-star,Star by Star,Troy Denning,https://amzn.to/4nwkdgd
Canon,tales-of-light-and-life,Tales of Light and Life,Various Authors,https://amzn.to/4tBUhBq
Canon,convergence,Convergence,Zoraida Córdova,https://amzn.to/4ubETwq
Canon,path-of-deceit,Path of Deceit,"Tessa Gratton, Justina Ireland",https://amzn.to/3RaNzom
Canon,the-battle-of-jedha,The Battle of Jedha,George Mann,https://amzn.to/4dcqGtp
Canon,cataclysm,Cataclysm,Lydia Kang,https://amzn.to/43aZN2W
Canon,path-of-vengeance,Path of Vengeance,Cavan Scott,https://amzn.to/4nv2KVi
Canon,tales-of-enlightenment,Tales of Enlightenment,George Mann,https://amzn.to/4dvt90T
Canon,light-of-the-jedi,Light of the Jedi,Charles Soule,https://amzn.to/4tG5m4v
Canon,into-the-dark,Into the Dark,Claudia Gray,https://amzn.to/4nv2MMU
Canon,the-rising-storm,The Rising Storm,Cavan Scott,https://amzn.to/3Pu5hT8
Canon,out-of-the-shadows,Out of the Shadows,Justina Ireland,https://amzn.to/4ds2VMA
Canon,the-eye-of-darkness,The Eye of Darkness,George Mann,https://amzn.to/4nv2Oo0
Canon,tempest-runner,Tempest Runner,Cavan Scott,https://amzn.to/42BC0ch
Canon,the-fallen-star,The Fallen Star,Claudia Gray,https://amzn.to/491ip92
Canon,midnight-horizon,Midnight Horizon,Daniel José Older,https://amzn.to/4tLOJEA
Canon,starlight-stories,Starlight Stories,"Charles Soule, Cavan Scott, Justina Ireland",https://amzn.to/3PFrM7S
Canon,defy-the-storm,Defy the Storm,"Tessa Gratton, Justina Ireland",https://amzn.to/494UxRT
Canon,temptation-of-the-force,Temptation of the Force,Tessa Gratton,https://amzn.to/4uPFJ23
Canon,tears-of-the-nameless,Tears of the Nameless,George Mann,https://amzn.to/4tEokIK
Canon,tempest-breaker,Tempest Breaker,Cavan Scott,https://amzn.to/490KcGC
Canon,into-the-light,Into the Light,Claudia Gray,https://amzn.to/48ZYXtj
Canon,trials-of-the-jedi,Trials of the Jedi,Charles Soule,https://amzn.to/3PJzLke
Canon,the-acolyte-wayseeker,The Acolyte: Wayseeker,Justina Ireland,https://amzn.to/4ujgSUy
Canon,the-acolyte-the-crystal-crown,The Acolyte: The Crystal Crown,Tessa Gratton,https://amzn.to/4uIxx3s
Canon,padawan,Padawan,Kiersten White,https://amzn.to/4uOyEi2
Canon,master-apprentice,Master & Apprentice,Claudia Gray,https://amzn.to/48WS6AY
Canon,the-living-force,The Living Force,John Jackson Miller,https://amzn.to/4db8NuT
Canon,episode-i-the-phantom-menace,Star Wars: The Phantom Menace,Terry Brooks,https://amzn.to/4f8Zw8b
Canon,queen-s-peril,Queen's Peril,E.K. Johnston,https://amzn.to/4tGqQy7
Canon,mace-windu-the-glass-abyss,Mace Windu: The Glass Abyss,Steven Barnes,https://amzn.to/4tV9BJD
Canon,queen-s-shadow,Queen's Shadow,E.K. Johnston,https://amzn.to/3R9hwFo
Canon,dooku-jedi-lost,Dooku: Jedi Lost,Cavan Scott,https://amzn.to/49PnBwZ
Canon,episode-ii-attack-of-the-clones,Star Wars: Attack of the Clones,R.A. Salvatore,https://amzn.to/4uguBvl
Canon,queen-s-hope,Queen's Hope,E.K. Johnston,https://amzn.to/42BCoHL
Canon,brotherhood,Brotherhood,Mike Chen,https://amzn.to/4f6TBAv
Canon,thrawn-ascendancy-chaos-rising,Thrawn Ascendancy: Chaos Rising,Timothy Zahn,https://amzn.to/4uTaBPe
Canon,inquisitor-rise-of-the-red-blade,Inquisitor: Rise of the Red Blade,Delilah S. Dawson,https://amzn.to/48YbfT8
Canon,lords-of-the-sith,Lords of the Sith,Paul S. Kemp,https://amzn.to/42FjBvc
Canon,dark-disciple,Dark Disciple,Christie Golden,https://amzn.to/4uTebc8
Canon,episode-iii-revenge-of-the-sith,Star Wars: Revenge of the Sith,Matthew Stover,https://amzn.to/4tCS88r
Canon,reign-of-the-empire-the-mask-of-fear,Reign of the Empire: The Mask of Fear,Alexander Freed,https://amzn.to/4uPFeFa
Canon,sanctuary-a-bad-batch-novel,Sanctuary: A Bad Batch Novel,Lamar Giles,https://amzn.to/4nAJp5u
Canon,thrawn-ascendancy-greater-good,Thrawn Ascendancy: Greater Good,Timothy Zahn,https://amzn.to/49QSnWi
Canon,thrawn-ascendancy-lesser-evil,Thrawn Ascendancy: Lesser Evil,Timothy Zahn,https://amzn.to/4u81MRz
Canon,ahsoka,Ahsoka,E.K. Johnston,https://amzn.to/4dKqotL
Canon,catalyst-a-rogue-one-novel,Catalyst: A Rogue One Novel,James Luceno,https://amzn.to/4tG67dR
Canon,master-of-evil,Master of Evil,Adam Christopher,https://amzn.to/4ftdu4y
Canon,tarkin,Tarkin,James Luceno,https://amzn.to/3R5ZZOp
Canon,most-wanted,Most Wanted,Rae Carson,https://amzn.to/4eO6XBk
Canon,jedi-battle-scars,Jedi: Battle Scars,Sam Maggs,https://amzn.to/4nu2czh
Canon,a-new-dawn,A New Dawn,John Jackson Miller,https://amzn.to/4twDz6h
Canon,low-red-moon,Low Red Moon,Mike Chen,https://amzn.to/4uTeMdS
Canon,solo-a-star-wars-story,Solo: A Star Wars Story,Mur Lafferty,https://amzn.to/491je1C
Canon,crimson-climb,Crimson Climb,E.K. Johnston,https://amzn.to/4uOfyIU
Canon,reign-of-the-empire-edge-of-the-abyss,Reign of the Empire: Edge of the Abyss,Rebecca Roanhorse,https://amzn.to/49xhWvs
Canon,reign-of-the-empire-from-the-ashes,Reign of the Empire: From the Ashes,Fran Wilde,
Canon,leia-princess-of-alderaan,Leia: Princess of Alderaan,Claudia Gray,https://amzn.to/4wqgXqJ
Canon,thrawn,Thrawn,Timothy Zahn,https://amzn.to/4uklidS
Canon,thrawn-alliances,Thrawn: Alliances,Timothy Zahn,https://amzn.to/3Rc6mj9
Canon,thrawn-treason,Thrawn: Treason,Timothy Zahn,https://amzn.to/4nvDWwE
Canon,rebel-rising,Rebel Rising,Beth Revis,https://amzn.to/4dc7HyX
Canon,rogue-one-a-star-wars-story,Rogue One: A Star Wars Story,Alexander Freed,https://amzn.to/4ds37f1
Canon,star-wars-a-new-hope,Star Wars: A New Hope,George Lucas,https://amzn.to/4d8e06I
Canon,star-wars-from-a-certain-point-of-view,Star Wars: From a Certain Point of View,Various Authors,https://amzn.to/4nAE8ea
Canon,battlefront-ii-inferno-squad,Battlefront II: Inferno Squad,Christie Golden,https://amzn.to/4wlZGiq
Canon,heir-to-the-jedi,Heir to the Jedi,Kevin Hearne,https://amzn.to/4v9LnML
Canon,doctor-aphra,Doctor Aphra,Sarah Kuhn,https://amzn.to/3PqySNs
Canon,battlefront-twilight-company,Battlefront: Twilight Company,Alexander Freed,https://amzn.to/48Yox1R
Canon,star-wars-the-empire-strikes-back,Star Wars: The Empire Strikes Back,Donald F. Glut,https://amzn.to/42VcizP
Canon,from-a-certain-point-of-view-the-empire-strikes-back,From a Certain Point of View: The Empire Strikes Back,Various Authors,https://amzn.to/4dvafHn
Canon,star-wars-return-of-the-jedi,Star Wars: Return of the Jedi,James Kahn,https://amzn.to/4uPGW9B
Canon,from-a-certain-point-of-view-return-of-the-jedi,From a Certain Point of View: Return of the Jedi,Various Authors,https://amzn.to/3PKQKCN
Canon,the-princess-and-the-scoundrel,The Princess and the Scoundrel,Beth Revis,https://amzn.to/4dcs0fR
Canon,alphabet-squadron,Alphabet Squadron,Alexander Freed,https://amzn.to/4dGp1wd
Canon,aftermath,Aftermath,Chuck Wendig,https://amzn.to/3RpK2T7
Canon,shadow-fall,Shadow Fall,Alexander Freed,https://amzn.to/4ucpXhE
Canon,aftermath-life-debt,Aftermath: Life Debt,Chuck Wendig,https://amzn.to/4nv44re
Canon,victory-s-price,Victory's Price,Alexander Freed,https://amzn.to/4u8Ui0z
Canon,aftermath-empire-s-end,Aftermath: Empire's End,Chuck Wendig,https://amzn.to/4nrMzIs
Canon,lost-stars,Lost Stars,Claudia Gray,https://amzn.to/4nxjMCo
Canon,last-shot,Last Shot,Daniel José Older,https://amzn.to/42FkwMa
Canon,poe-dameron-free-fall,Poe Dameron: Free Fall,Alex Segura,
Canon,shadow-of-the-sith,Shadow of the Sith,Adam Christopher,https://amzn.to/4nuxTbD
Canon,bloodline,Bloodline,Claudia Gray,https://amzn.to/4dKrgi1
Canon,force-collector,Force Collector,Kevin Shinick,https://amzn.to/4uQV0zD
Canon,phasma,Phasma,Delilah S. Dawson,https://amzn.to/4uHpF2i
Canon,star-wars-the-force-awakens,Star Wars: The Force Awakens,Alan Dean Foster,https://amzn.to/3Rdt2PY
Canon,canto-bight,Canto Bight,"Saladin Ahmed, Rae Carson, Mira Grant, John Jackson Miller",https://amzn.to/3R18nPf
Canon,star-wars-the-last-jedi,Star Wars: The Last Jedi,Jason Fry,https://amzn.to/3R9iIZo
Canon,resistance-reborn,Resistance Reborn,Rebecca Roanhorse,https://amzn.to/43fiOkJ
Canon,galaxys-edge-black-spire,Galaxy's Edge: Black Spire,Delilah S. Dawson,https://amzn.to/49RIkAj
Canon,galaxys-edge-a-crash-of-fate,Galaxy's Edge: A Crash of Fate,Zoraida Córdova,https://amzn.to/4wNUqEL
Canon,star-wars-the-rise-of-skywalker,Star Wars: The Rise of Skywalker,Rae Carson,https://amzn.to/4dJmT6O
Canon,the-last-order,The Last Order,Kwame Mbalia,https://amzn.to/4wx4gdE